simulation_id,start_node,end_node,path_A_distance,path_A_obstacle_cost,path_A_has_risk,path_B_distance,path_B_obstacle_cost,path_B_has_risk
1,福建路中段,海天堂构,70,0,False,70,0,False
2,黄荣远堂,福建路中段,40,20,False,40,20,False
3,黄荣远堂,鹿礁路口,220,570,True,240,70,False
4,鹿礁路口,协和礼拜堂,30,0,False,30,0,False
5,许家园,轮渡码头入口,300,580,True,320,80,False
6,李传别宅,海天堂构,130,30,False,130,30,False
7,海天堂构,李传别宅,130,30,False,130,30,False
8,轮渡码头入口,许家园,300,580,True,320,80,False
9,黄荣远堂,轮渡码头入口,270,570,True,290,70,False
10,许家园,李传别宅,130,60,False,130,60,False
11,许家园,协和礼拜堂,220,580,True,300,80,False
12,轮渡码头入口,天主堂,120,500,True,140,0,False
13,轮渡码头入口,黄荣远堂,270,570,True,290,70,False
14,天主堂,鹿礁路口,70,500,True,90,0,False
15,李传别宅,许家园,130,60,False,130,60,False
16,鹿礁路口,海天堂构,250,550,True,270,50,False
17,轮渡码头入口,黄荣远堂,270,570,True,290,70,False
18,福建路中段,轮渡码头入口,230,550,True,250,50,False
19,黄荣远堂,仰高别墅,100,410,True,100,410,True
20,仰高别墅,鹿礁路口,310,950,True,330,450,True
21,鹿礁路口,仰高别墅,310,950,True,330,450,True
22,鹿礁路口,李传别宅,120,520,True,140,20,False
23,鹿礁路口,天主堂,70,500,True,90,0,False
24,福建路中段,协和礼拜堂,150,550,True,230,50,False
25,海天堂构,鹿礁路口,250,550,True,270,50,False
26,轮渡码头入口,黄荣远堂,270,570,True,290,70,False
27,鹿礁路口,协和礼拜堂,30,0,False,30,0,False
28,海天堂构,李传别宅,130,30,False,130,30,False
29,仰高别墅,天主堂,240,450,True,240,450,True
30,许家园,黄荣远堂,30,10,False,30,10,False
31,李传别宅,海天堂构,130,30,False,130,30,False
32,仰高别墅,李传别宅,190,430,True,190,430,True
33,仰高别墅,许家园,130,420,True,130,420,True
34,仰高别墅,协和礼拜堂,280,950,True,360,450,True
35,海天堂构,许家园,70,20,False,70,20,False
36,鹿礁路口,许家园,250,580,True,270,80,False
37,李传别宅,福建路中段,60,30,False,60,30,False
38,福建路中段,李传别宅,60,30,False,60,30,False
39,许家园,海天堂构,70,20,False,70,20,False
40,鹿礁路口,协和礼拜堂,30,0,False,30,0,False
41,海天堂构,仰高别墅,60,400,True,60,400,True
42,黄荣远堂,海天堂构,40,10,False,40,10,False
43,许家园,福建路中段,70,30,False,70,30,False
44,李传别宅,黄荣远堂,100,50,False,100,50,False
45,协和礼拜堂,鹿礁路口,30,0,False,30,0,False
46,海天堂构,鹿礁路口,250,550,True,270,50,False
47,仰高别墅,鹿礁路口,310,950,True,330,450,True
48,鹿礁路口,福建路中段,180,550,True,200,50,False
49,仰高别墅,黄荣远堂,100,410,True,100,410,True
50,协和礼拜堂,轮渡码头入口,80,0,False,80,0,False
51,海天堂构,李传别宅,130,30,False,130,30,False
52,轮渡码头入口,协和礼拜堂,80,0,False,80,0,False
53,协和礼拜堂,仰高别墅,280,950,True,360,450,True
54,鹿礁路口,黄荣远堂,220,570,True,240,70,False
55,海天堂构,许家园,70,20,False,70,20,False
56,轮渡码头入口,仰高别墅,360,950,True,380,450,True
57,海天堂构,黄荣远堂,40,10,False,40,10,False
58,李传别宅,协和礼拜堂,90,520,True,170,20,False
59,海天堂构,仰高别墅,60,400,True,60,400,True
60,李传别宅,福建路中段,60,30,False,60,30,False
61,轮渡码头入口,海天堂构,300,550,True,320,50,False
62,李传别宅,天主堂,50,20,False,50,20,False
63,福建路中段,黄荣远堂,40,20,False,40,20,False
64,福建路中段,鹿礁路口,180,550,True,200,50,False
65,轮渡码头入口,李传别宅,170,520,True,190,20,False
66,许家园,海天堂构,70,20,False,70,20,False
67,海天堂构,黄荣远堂,40,10,False,40,10,False
68,轮渡码头入口,福建路中段,230,550,True,250,50,False
69,鹿礁路口,仰高别墅,310,950,True,330,450,True
70,福建路中段,天主堂,110,50,False,110,50,False
71,鹿礁路口,黄荣远堂,220,570,True,240,70,False
72,协和礼拜堂,黄荣远堂,190,570,True,270,70,False
73,福建路中段,海天堂构,70,0,False,70,0,False
74,轮渡码头入口,协和礼拜堂,80,0,False,80,0,False
75,李传别宅,海天堂构,130,30,False,130,30,False
76,李传别宅,协和礼拜堂,90,520,True,170,20,False
77,福建路中段,海天堂构,70,0,False,70,0,False
78,黄荣远堂,鹿礁路口,220,570,True,240,70,False
79,轮渡码头入口,鹿礁路口,50,0,False,50,0,False
80,李传别宅,鹿礁路口,120,520,True,140,20,False
81,协和礼拜堂,许家园,220,580,True,300,80,False
82,海天堂构,福建路中段,70,0,False,70,0,False
83,海天堂构,协和礼拜堂,220,550,True,300,50,False
84,轮渡码头入口,李传别宅,170,520,True,190,20,False
85,李传别宅,鹿礁路口,120,520,True,140,20,False
86,李传别宅,黄荣远堂,100,50,False,100,50,False
87,天主堂,许家园,180,80,False,180,80,False
88,天主堂,福建路中段,110,50,False,110,50,False
89,协和礼拜堂,黄荣远堂,190,570,True,270,70,False
90,黄荣远堂,仰高别墅,100,410,True,100,410,True
91,仰高别墅,协和礼拜堂,280,950,True,360,450,True
92,海天堂构,仰高别墅,60,400,True,60,400,True
93,鹿礁路口,黄荣远堂,220,570,True,240,70,False
94,黄荣远堂,协和礼拜堂,190,570,True,270,70,False
95,协和礼拜堂,鹿礁路口,30,0,False,30,0,False
96,轮渡码头入口,李传别宅,170,520,True,190,20,False
97,福建路中段,天主堂,110,50,False,110,50,False
98,仰高别墅,许家园,130,420,True,130,420,True
99,黄荣远堂,鹿礁路口,220,570,True,240,70,False
100,海天堂构,轮渡码头入口,300,550,True,320,50,False
101,许家园,黄荣远堂,30,10,False,30,10,False
102,海天堂构,李传别宅,130,30,False,130,30,False
103,李传别宅,许家园,130,60,False,130,60,False
104,天主堂,鹿礁路口,70,500,True,90,0,False
105,福建路中段,天主堂,110,50,False,110,50,False
106,天主堂,李传别宅,50,20,False,50,20,False
107,李传别宅,协和礼拜堂,90,520,True,170,20,False
108,海天堂构,李传别宅,130,30,False,130,30,False
109,福建路中段,李传别宅,60,30,False,60,30,False
110,海天堂构,天主堂,180,50,False,180,50,False
111,轮渡码头入口,许家园,300,580,True,320,80,False
112,福建路中段,李传别宅,60,30,False,60,30,False
113,轮渡码头入口,海天堂构,300,550,True,320,50,False
114,天主堂,轮渡码头入口,120,500,True,140,0,False
115,天主堂,福建路中段,110,50,False,110,50,False
116,协和礼拜堂,轮渡码头入口,80,0,False,80,0,False
117,仰高别墅,轮渡码头入口,360,950,True,380,450,True
118,福建路中段,天主堂,110,50,False,110,50,False
119,海天堂构,许家园,70,20,False,70,20,False
120,天主堂,仰高别墅,240,450,True,240,450,True
121,鹿礁路口,黄荣远堂,220,570,True,240,70,False
122,轮渡码头入口,李传别宅,170,520,True,190,20,False
123,天主堂,许家园,180,80,False,180,80,False
124,仰高别墅,黄荣远堂,100,410,True,100,410,True
125,海天堂构,仰高别墅,60,400,True,60,400,True
126,天主堂,鹿礁路口,70,500,True,90,0,False
127,海天堂构,轮渡码头入口,300,550,True,320,50,False
128,黄荣远堂,李传别宅,100,50,False,100,50,False
129,李传别宅,轮渡码头入口,170,520,True,190,20,False
130,李传别宅,福建路中段,60,30,False,60,30,False
131,轮渡码头入口,天主堂,120,500,True,140,0,False
132,福建路中段,李传别宅,60,30,False,60,30,False
133,天主堂,海天堂构,180,50,False,180,50,False
134,鹿礁路口,福建路中段,180,550,True,200,50,False
135,黄荣远堂,福建路中段,40,20,False,40,20,False
136,天主堂,协和礼拜堂,40,500,True,120,0,False
137,李传别宅,许家园,130,60,False,130,60,False
138,天主堂,轮渡码头入口,120,500,True,140,0,False
139,福建路中段,天主堂,110,50,False,110,50,False
140,黄荣远堂,天主堂,150,70,False,150,70,False
141,协和礼拜堂,许家园,220,580,True,300,80,False
142,协和礼拜堂,李传别宅,90,520,True,170,20,False
143,李传别宅,仰高别墅,190,430,True,190,430,True
144,黄荣远堂,海天堂构,40,10,False,40,10,False
145,天主堂,鹿礁路口,70,500,True,90,0,False
146,许家园,轮渡码头入口,300,580,True,320,80,False
147,仰高别墅,轮渡码头入口,360,950,True,380,450,True
148,鹿礁路口,福建路中段,180,550,True,200,50,False
149,天主堂,仰高别墅,240,450,True,240,450,True
150,海天堂构,仰高别墅,60,400,True,60,400,True
151,许家园,海天堂构,70,20,False,70,20,False
152,福建路中段,仰高别墅,130,400,True,130,400,True
153,李传别宅,天主堂,50,20,False,50,20,False
154,协和礼拜堂,黄荣远堂,190,570,True,270,70,False
155,海天堂构,仰高别墅,60,400,True,60,400,True
156,天主堂,许家园,180,80,False,180,80,False
157,天主堂,仰高别墅,240,450,True,240,450,True
158,仰高别墅,协和礼拜堂,280,950,True,360,450,True
159,鹿礁路口,仰高别墅,310,950,True,330,450,True
160,天主堂,轮渡码头入口,120,500,True,140,0,False
161,李传别宅,轮渡码头入口,170,520,True,190,20,False
162,福建路中段,许家园,70,30,False,70,30,False
163,李传别宅,鹿礁路口,120,520,True,140,20,False
164,黄荣远堂,许家园,30,10,False,30,10,False
165,福建路中段,黄荣远堂,40,20,False,40,20,False
166,海天堂构,天主堂,180,50,False,180,50,False
167,鹿礁路口,协和礼拜堂,30,0,False,30,0,False
168,许家园,协和礼拜堂,220,580,True,300,80,False
169,轮渡码头入口,福建路中段,230,550,True,250,50,False
170,福建路中段,仰高别墅,130,400,True,130,400,True
171,协和礼拜堂,海天堂构,220,550,True,300,50,False
172,福建路中段,协和礼拜堂,150,550,True,230,50,False
173,海天堂构,鹿礁路口,250,550,True,270,50,False
174,仰高别墅,天主堂,240,450,True,240,450,True
175,仰高别墅,轮渡码头入口,360,950,True,380,450,True
176,协和礼拜堂,海天堂构,220,550,True,300,50,False
177,海天堂构,鹿礁路口,250,550,True,270,50,False
178,海天堂构,天主堂,180,50,False,180,50,False
179,鹿礁路口,黄荣远堂,220,570,True,240,70,False
180,李传别宅,福建路中段,60,30,False,60,30,False
181,福建路中段,海天堂构,70,0,False,70,0,False
182,海天堂构,轮渡码头入口,300,550,True,320,50,False
183,福建路中段,轮渡码头入口,230,550,True,250,50,False
184,黄荣远堂,轮渡码头入口,270,570,True,290,70,False
185,海天堂构,福建路中段,70,0,False,70,0,False
186,鹿礁路口,许家园,250,580,True,270,80,False
187,黄荣远堂,许家园,30,10,False,30,10,False
188,许家园,黄荣远堂,30,10,False,30,10,False
189,福建路中段,黄荣远堂,40,20,False,40,20,False
190,李传别宅,天主堂,50,20,False,50,20,False
191,福建路中段,天主堂,110,50,False,110,50,False
192,协和礼拜堂,海天堂构,220,550,True,300,50,False
193,许家园,轮渡码头入口,300,580,True,320,80,False
194,协和礼拜堂,海天堂构,220,550,True,300,50,False
195,李传别宅,鹿礁路口,120,520,True,140,20,False
196,协和礼拜堂,鹿礁路口,30,0,False,30,0,False
197,协和礼拜堂,福建路中段,150,550,True,230,50,False
198,仰高别墅,许家园,130,420,True,130,420,True
199,海天堂构,协和礼拜堂,220,550,True,300,50,False
200,李传别宅,协和礼拜堂,90,520,True,170,20,False
201,李传别宅,黄荣远堂,100,50,False,100,50,False
202,福建路中段,李传别宅,60,30,False,60,30,False
203,黄荣远堂,仰高别墅,100,410,True,100,410,True
204,黄荣远堂,轮渡码头入口,270,570,True,290,70,False
205,鹿礁路口,仰高别墅,310,950,True,330,450,True
206,李传别宅,海天堂构,130,30,False,130,30,False
207,海天堂构,黄荣远堂,40,10,False,40,10,False
208,许家园,李传别宅,130,60,False,130,60,False
209,协和礼拜堂,李传别宅,90,520,True,170,20,False
210,福建路中段,仰高别墅,130,400,True,130,400,True
211,仰高别墅,协和礼拜堂,280,950,True,360,450,True
212,李传别宅,福建路中段,60,30,False,60,30,False
213,黄荣远堂,海天堂构,40,10,False,40,10,False
214,天主堂,轮渡码头入口,120,500,True,140,0,False
215,天主堂,鹿礁路口,70,500,True,90,0,False
216,福建路中段,李传别宅,60,30,False,60,30,False
217,轮渡码头入口,黄荣远堂,270,570,True,290,70,False
218,协和礼拜堂,鹿礁路口,30,0,False,30,0,False
219,李传别宅,协和礼拜堂,90,520,True,170,20,False
220,轮渡码头入口,黄荣远堂,270,570,True,290,70,False
221,轮渡码头入口,鹿礁路口,50,0,False,50,0,False
222,海天堂构,仰高别墅,60,400,True,60,400,True
223,鹿礁路口,协和礼拜堂,30,0,False,30,0,False
224,福建路中段,黄荣远堂,40,20,False,40,20,False
225,仰高别墅,李传别宅,190,430,True,190,430,True
226,福建路中段,海天堂构,70,0,False,70,0,False
227,轮渡码头入口,李传别宅,170,520,True,190,20,False
228,鹿礁路口,仰高别墅,310,950,True,330,450,True
229,仰高别墅,鹿礁路口,310,950,True,330,450,True
230,海天堂构,福建路中段,70,0,False,70,0,False
231,仰高别墅,鹿礁路口,310,950,True,330,450,True
232,福建路中段,仰高别墅,130,400,True,130,400,True
233,鹿礁路口,福建路中段,180,550,True,200,50,False
234,李传别宅,天主堂,50,20,False,50,20,False
235,许家园,海天堂构,70,20,False,70,20,False
236,协和礼拜堂,李传别宅,90,520,True,170,20,False
237,福建路中段,协和礼拜堂,150,550,True,230,50,False
238,仰高别墅,鹿礁路口,310,950,True,330,450,True
239,协和礼拜堂,轮渡码头入口,80,0,False,80,0,False
240,海天堂构,轮渡码头入口,300,550,True,320,50,False
241,天主堂,协和礼拜堂,40,500,True,120,0,False
242,轮渡码头入口,天主堂,120,500,True,140,0,False
243,黄荣远堂,许家园,30,10,False,30,10,False
244,福建路中段,许家园,70,30,False,70,30,False
245,协和礼拜堂,天主堂,40,500,True,120,0,False
246,福建路中段,轮渡码头入口,230,550,True,250,50,False
247,黄荣远堂,轮渡码头入口,270,570,True,290,70,False
248,许家园,海天堂构,70,20,False,70,20,False
249,仰高别墅,鹿礁路口,310,950,True,330,450,True
250,李传别宅,许家园,130,60,False,130,60,False
251,天主堂,海天堂构,180,50,False,180,50,False
252,鹿礁路口,李传别宅,120,520,True,140,20,False
253,轮渡码头入口,黄荣远堂,270,570,True,290,70,False
254,鹿礁路口,黄荣远堂,220,570,True,240,70,False
255,福建路中段,鹿礁路口,180,550,True,200,50,False
256,天主堂,福建路中段,110,50,False,110,50,False
257,仰高别墅,福建路中段,130,400,True,130,400,True
258,福建路中段,协和礼拜堂,150,550,True,230,50,False
259,黄荣远堂,许家园,30,10,False,30,10,False
260,协和礼拜堂,海天堂构,220,550,True,300,50,False
261,协和礼拜堂,李传别宅,90,520,True,170,20,False
262,许家园,鹿礁路口,250,580,True,270,80,False
263,黄荣远堂,鹿礁路口,220,570,True,240,70,False
264,仰高别墅,许家园,130,420,True,130,420,True
265,轮渡码头入口,天主堂,120,500,True,140,0,False
266,许家园,协和礼拜堂,220,580,True,300,80,False
267,黄荣远堂,福建路中段,40,20,False,40,20,False
268,鹿礁路口,黄荣远堂,220,570,True,240,70,False
269,海天堂构,仰高别墅,60,400,True,60,400,True
270,黄荣远堂,福建路中段,40,20,False,40,20,False
271,黄荣远堂,仰高别墅,100,410,True,100,410,True
272,海天堂构,李传别宅,130,30,False,130,30,False
273,天主堂,协和礼拜堂,40,500,True,120,0,False
274,协和礼拜堂,仰高别墅,280,950,True,360,450,True
275,许家园,李传别宅,130,60,False,130,60,False
276,天主堂,海天堂构,180,50,False,180,50,False
277,仰高别墅,海天堂构,60,400,True,60,400,True
278,鹿礁路口,福建路中段,180,550,True,200,50,False
279,福建路中段,轮渡码头入口,230,550,True,250,50,False
280,仰高别墅,黄荣远堂,100,410,True,100,410,True
281,黄荣远堂,协和礼拜堂,190,570,True,270,70,False
282,许家园,海天堂构,70,20,False,70,20,False
283,黄荣远堂,海天堂构,40,10,False,40,10,False
284,鹿礁路口,黄荣远堂,220,570,True,240,70,False
285,许家园,天主堂,180,80,False,180,80,False
286,李传别宅,协和礼拜堂,90,520,True,170,20,False
287,福建路中段,许家园,70,30,False,70,30,False
288,李传别宅,海天堂构,130,30,False,130,30,False
289,海天堂构,黄荣远堂,40,10,False,40,10,False
290,仰高别墅,轮渡码头入口,360,950,True,380,450,True
291,李传别宅,仰高别墅,190,430,True,190,430,True
292,海天堂构,李传别宅,130,30,False,130,30,False
293,轮渡码头入口,李传别宅,170,520,True,190,20,False
294,仰高别墅,李传别宅,190,430,True,190,430,True
295,黄荣远堂,许家园,30,10,False,30,10,False
296,海天堂构,鹿礁路口,250,550,True,270,50,False
297,协和礼拜堂,鹿礁路口,30,0,False,30,0,False
298,鹿礁路口,福建路中段,180,550,True,200,50,False
299,海天堂构,许家园,70,20,False,70,20,False
300,轮渡码头入口,海天堂构,300,550,True,320,50,False
301,黄荣远堂,天主堂,150,70,False,150,70,False
302,轮渡码头入口,天主堂,120,500,True,140,0,False
303,黄荣远堂,仰高别墅,100,410,True,100,410,True
304,鹿礁路口,海天堂构,250,550,True,270,50,False
305,仰高别墅,黄荣远堂,100,410,True,100,410,True
306,海天堂构,协和礼拜堂,220,550,True,300,50,False
307,许家园,海天堂构,70,20,False,70,20,False
308,黄荣远堂,鹿礁路口,220,570,True,240,70,False
309,天主堂,仰高别墅,240,450,True,240,450,True
310,轮渡码头入口,鹿礁路口,50,0,False,50,0,False
311,仰高别墅,许家园,130,420,True,130,420,True
312,福建路中段,海天堂构,70,0,False,70,0,False
313,协和礼拜堂,福建路中段,150,550,True,230,50,False
314,黄荣远堂,鹿礁路口,220,570,True,240,70,False
315,轮渡码头入口,李传别宅,170,520,True,190,20,False
316,黄荣远堂,许家园,30,10,False,30,10,False
317,协和礼拜堂,轮渡码头入口,80,0,False,80,0,False
318,黄荣远堂,天主堂,150,70,False,150,70,False
319,协和礼拜堂,许家园,220,580,True,300,80,False
320,协和礼拜堂,轮渡码头入口,80,0,False,80,0,False
321,海天堂构,轮渡码头入口,300,550,True,320,50,False
322,鹿礁路口,海天堂构,250,550,True,270,50,False
323,鹿礁路口,黄荣远堂,220,570,True,240,70,False
324,福建路中段,鹿礁路口,180,550,True,200,50,False
325,仰高别墅,轮渡码头入口,360,950,True,380,450,True
326,协和礼拜堂,许家园,220,580,True,300,80,False
327,仰高别墅,协和礼拜堂,280,950,True,360,450,True
328,海天堂构,黄荣远堂,40,10,False,40,10,False
329,福建路中段,仰高别墅,130,400,True,130,400,True
330,李传别宅,协和礼拜堂,90,520,True,170,20,False
331,许家园,天主堂,180,80,False,180,80,False
332,福建路中段,鹿礁路口,180,550,True,200,50,False
333,鹿礁路口,天主堂,70,500,True,90,0,False
334,轮渡码头入口,仰高别墅,360,950,True,380,450,True
335,鹿礁路口,协和礼拜堂,30,0,False,30,0,False
336,海天堂构,福建路中段,70,0,False,70,0,False
337,许家园,福建路中段,70,30,False,70,30,False
338,轮渡码头入口,协和礼拜堂,80,0,False,80,0,False
339,海天堂构,许家园,70,20,False,70,20,False
340,福建路中段,许家园,70,30,False,70,30,False
341,天主堂,福建路中段,110,50,False,110,50,False
342,鹿礁路口,福建路中段,180,550,True,200,50,False
343,李传别宅,天主堂,50,20,False,50,20,False
344,福建路中段,鹿礁路口,180,550,True,200,50,False
345,海天堂构,仰高别墅,60,400,True,60,400,True
346,轮渡码头入口,协和礼拜堂,80,0,False,80,0,False
347,李传别宅,协和礼拜堂,90,520,True,170,20,False
348,轮渡码头入口,黄荣远堂,270,570,True,290,70,False
349,鹿礁路口,福建路中段,180,550,True,200,50,False
350,黄荣远堂,许家园,30,10,False,30,10,False
351,许家园,仰高别墅,130,420,True,130,420,True
352,仰高别墅,李传别宅,190,430,True,190,430,True
353,鹿礁路口,轮渡码头入口,50,0,False,50,0,False
354,黄荣远堂,天主堂,150,70,False,150,70,False
355,仰高别墅,海天堂构,60,400,True,60,400,True
356,轮渡码头入口,鹿礁路口,50,0,False,50,0,False
357,鹿礁路口,仰高别墅,310,950,True,330,450,True
358,许家园,李传别宅,130,60,False,130,60,False
359,轮渡码头入口,福建路中段,230,550,True,250,50,False
360,黄荣远堂,海天堂构,40,10,False,40,10,False
361,海天堂构,福建路中段,70,0,False,70,0,False
362,仰高别墅,鹿礁路口,310,950,True,330,450,True
363,许家园,协和礼拜堂,220,580,True,300,80,False
364,海天堂构,李传别宅,130,30,False,130,30,False
365,天主堂,协和礼拜堂,40,500,True,120,0,False
366,福建路中段,黄荣远堂,40,20,False,40,20,False
367,海天堂构,李传别宅,130,30,False,130,30,False
368,黄荣远堂,仰高别墅,100,410,True,100,410,True
369,许家园,李传别宅,130,60,False,130,60,False
370,鹿礁路口,轮渡码头入口,50,0,False,50,0,False
371,仰高别墅,协和礼拜堂,280,950,True,360,450,True
372,仰高别墅,协和礼拜堂,280,950,True,360,450,True
373,海天堂构,黄荣远堂,40,10,False,40,10,False
374,许家园,福建路中段,70,30,False,70,30,False
375,轮渡码头入口,仰高别墅,360,950,True,380,450,True
376,李传别宅,协和礼拜堂,90,520,True,170,20,False
377,海天堂构,仰高别墅,60,400,True,60,400,True
378,鹿礁路口,海天堂构,250,550,True,270,50,False
379,福建路中段,协和礼拜堂,150,550,True,230,50,False
380,天主堂,李传别宅,50,20,False,50,20,False
381,许家园,海天堂构,70,20,False,70,20,False
382,福建路中段,轮渡码头入口,230,550,True,250,50,False
383,仰高别墅,黄荣远堂,100,410,True,100,410,True
384,仰高别墅,协和礼拜堂,280,950,True,360,450,True
385,鹿礁路口,协和礼拜堂,30,0,False,30,0,False
386,许家园,鹿礁路口,250,580,True,270,80,False
387,协和礼拜堂,天主堂,40,500,True,120,0,False
388,福建路中段,轮渡码头入口,230,550,True,250,50,False
389,福建路中段,黄荣远堂,40,20,False,40,20,False
390,黄荣远堂,天主堂,150,70,False,150,70,False
391,海天堂构,李传别宅,130,30,False,130,30,False
392,李传别宅,协和礼拜堂,90,520,True,170,20,False
393,轮渡码头入口,天主堂,120,500,True,140,0,False
394,福建路中段,仰高别墅,130,400,True,130,400,True
395,黄荣远堂,福建路中段,40,20,False,40,20,False
396,福建路中段,仰高别墅,130,400,True,130,400,True
397,仰高别墅,黄荣远堂,100,410,True,100,410,True
398,协和礼拜堂,福建路中段,150,550,True,230,50,False
399,李传别宅,鹿礁路口,120,520,True,140,20,False
400,鹿礁路口,协和礼拜堂,30,0,False,30,0,False
401,李传别宅,海天堂构,130,30,False,130,30,False
402,海天堂构,鹿礁路口,250,550,True,270,50,False
403,协和礼拜堂,天主堂,40,500,True,120,0,False
404,鹿礁路口,黄荣远堂,220,570,True,240,70,False
405,许家园,仰高别墅,130,420,True,130,420,True
406,仰高别墅,许家园,130,420,True,130,420,True
407,海天堂构,许家园,70,20,False,70,20,False
408,海天堂构,许家园,70,20,False,70,20,False
409,协和礼拜堂,天主堂,40,500,True,120,0,False
410,鹿礁路口,黄荣远堂,220,570,True,240,70,False
411,轮渡码头入口,仰高别墅,360,950,True,380,450,True
412,协和礼拜堂,海天堂构,220,550,True,300,50,False
413,仰高别墅,许家园,130,420,True,130,420,True
414,海天堂构,鹿礁路口,250,550,True,270,50,False
415,仰高别墅,许家园,130,420,True,130,420,True
416,鹿礁路口,许家园,250,580,True,270,80,False
417,协和礼拜堂,福建路中段,150,550,True,230,50,False
418,海天堂构,福建路中段,70,0,False,70,0,False
419,李传别宅,协和礼拜堂,90,520,True,170,20,False
420,福建路中段,海天堂构,70,0,False,70,0,False
421,福建路中段,海天堂构,70,0,False,70,0,False
422,黄荣远堂,仰高别墅,100,410,True,100,410,True
423,轮渡码头入口,黄荣远堂,270,570,True,290,70,False
424,轮渡码头入口,鹿礁路口,50,0,False,50,0,False
425,海天堂构,黄荣远堂,40,10,False,40,10,False
426,天主堂,协和礼拜堂,40,500,True,120,0,False
427,仰高别墅,轮渡码头入口,360,950,True,380,450,True
428,轮渡码头入口,海天堂构,300,550,True,320,50,False
429,协和礼拜堂,海天堂构,220,550,True,300,50,False
430,天主堂,轮渡码头入口,120,500,True,140,0,False
431,许家园,轮渡码头入口,300,580,True,320,80,False
432,海天堂构,许家园,70,20,False,70,20,False
433,轮渡码头入口,福建路中段,230,550,True,250,50,False
434,鹿礁路口,仰高别墅,310,950,True,330,450,True
435,海天堂构,李传别宅,130,30,False,130,30,False
436,黄荣远堂,海天堂构,40,10,False,40,10,False
437,协和礼拜堂,李传别宅,90,520,True,170,20,False
438,仰高别墅,福建路中段,130,400,True,130,400,True
439,李传别宅,福建路中段,60,30,False,60,30,False
440,福建路中段,仰高别墅,130,400,True,130,400,True
441,协和礼拜堂,天主堂,40,500,True,120,0,False
442,协和礼拜堂,轮渡码头入口,80,0,False,80,0,False
443,黄荣远堂,天主堂,150,70,False,150,70,False
444,天主堂,海天堂构,180,50,False,180,50,False
445,黄荣远堂,天主堂,150,70,False,150,70,False
446,福建路中段,许家园,70,30,False,70,30,False
447,仰高别墅,鹿礁路口,310,950,True,330,450,True
448,协和礼拜堂,李传别宅,90,520,True,170,20,False
449,海天堂构,鹿礁路口,250,550,True,270,50,False
450,鹿礁路口,黄荣远堂,220,570,True,240,70,False
451,轮渡码头入口,海天堂构,300,550,True,320,50,False
452,轮渡码头入口,鹿礁路口,50,0,False,50,0,False
453,天主堂,轮渡码头入口,120,500,True,140,0,False
454,许家园,李传别宅,130,60,False,130,60,False
455,许家园,福建路中段,70,30,False,70,30,False
456,轮渡码头入口,福建路中段,230,550,True,250,50,False
457,天主堂,福建路中段,110,50,False,110,50,False
458,仰高别墅,鹿礁路口,310,950,True,330,450,True
459,李传别宅,海天堂构,130,30,False,130,30,False
460,协和礼拜堂,福建路中段,150,550,True,230,50,False
461,福建路中段,轮渡码头入口,230,550,True,250,50,False
462,天主堂,协和礼拜堂,40,500,True,120,0,False
463,黄荣远堂,海天堂构,40,10,False,40,10,False
464,许家园,仰高别墅,130,420,True,130,420,True
465,许家园,李传别宅,130,60,False,130,60,False
466,黄荣远堂,许家园,30,10,False,30,10,False
467,协和礼拜堂,许家园,220,580,True,300,80,False
468,黄荣远堂,轮渡码头入口,270,570,True,290,70,False
469,海天堂构,轮渡码头入口,300,550,True,320,50,False
470,轮渡码头入口,许家园,300,580,True,320,80,False
471,许家园,仰高别墅,130,420,True,130,420,True
472,福建路中段,许家园,70,30,False,70,30,False
473,福建路中段,轮渡码头入口,230,550,True,250,50,False
474,李传别宅,海天堂构,130,30,False,130,30,False
475,轮渡码头入口,天主堂,120,500,True,140,0,False
476,鹿礁路口,福建路中段,180,550,True,200,50,False
477,海天堂构,天主堂,180,50,False,180,50,False
478,海天堂构,鹿礁路口,250,550,True,270,50,False
479,黄荣远堂,许家园,30,10,False,30,10,False
480,海天堂构,黄荣远堂,40,10,False,40,10,False
481,天主堂,协和礼拜堂,40,500,True,120,0,False
482,仰高别墅,李传别宅,190,430,True,190,430,True
483,黄荣远堂,仰高别墅,100,410,True,100,410,True
484,鹿礁路口,海天堂构,250,550,True,270,50,False
485,轮渡码头入口,许家园,300,580,True,320,80,False
486,许家园,鹿礁路口,250,580,True,270,80,False
487,协和礼拜堂,仰高别墅,280,950,True,360,450,True
488,仰高别墅,海天堂构,60,400,True,60,400,True
489,黄荣远堂,李传别宅,100,50,False,100,50,False
490,许家园,海天堂构,70,20,False,70,20,False
491,许家园,黄荣远堂,30,10,False,30,10,False
492,天主堂,福建路中段,110,50,False,110,50,False
493,许家园,天主堂,180,80,False,180,80,False
494,海天堂构,福建路中段,70,0,False,70,0,False
495,李传别宅,福建路中段,60,30,False,60,30,False
496,福建路中段,黄荣远堂,40,20,False,40,20,False
497,天主堂,福建路中段,110,50,False,110,50,False
498,天主堂,仰高别墅,240,450,True,240,450,True
499,仰高别墅,李传别宅,190,430,True,190,430,True
500,李传别宅,许家园,130,60,False,130,60,False
501,福建路中段,天主堂,110,50,False,110,50,False
502,李传别宅,福建路中段,60,30,False,60,30,False
503,轮渡码头入口,许家园,300,580,True,320,80,False
504,黄荣远堂,天主堂,150,70,False,150,70,False
505,仰高别墅,天主堂,240,450,True,240,450,True
506,许家园,李传别宅,130,60,False,130,60,False
507,海天堂构,轮渡码头入口,300,550,True,320,50,False
508,李传别宅,仰高别墅,190,430,True,190,430,True
509,鹿礁路口,黄荣远堂,220,570,True,240,70,False
510,李传别宅,轮渡码头入口,170,520,True,190,20,False
511,协和礼拜堂,李传别宅,90,520,True,170,20,False
512,天主堂,协和礼拜堂,40,500,True,120,0,False
513,仰高别墅,轮渡码头入口,360,950,True,380,450,True
514,福建路中段,黄荣远堂,40,20,False,40,20,False
515,天主堂,仰高别墅,240,450,True,240,450,True
516,海天堂构,轮渡码头入口,300,550,True,320,50,False
517,许家园,协和礼拜堂,220,580,True,300,80,False
518,仰高别墅,许家园,130,420,True,130,420,True
519,仰高别墅,福建路中段,130,400,True,130,400,True
520,许家园,海天堂构,70,20,False,70,20,False
521,轮渡码头入口,鹿礁路口,50,0,False,50,0,False
522,许家园,鹿礁路口,250,580,True,270,80,False
523,轮渡码头入口,海天堂构,300,550,True,320,50,False
524,李传别宅,鹿礁路口,120,520,True,140,20,False
525,许家园,天主堂,180,80,False,180,80,False
526,许家园,仰高别墅,130,420,True,130,420,True
527,许家园,福建路中段,70,30,False,70,30,False
528,天主堂,许家园,180,80,False,180,80,False
529,仰高别墅,李传别宅,190,430,True,190,430,True
530,许家园,天主堂,180,80,False,180,80,False
531,黄荣远堂,福建路中段,40,20,False,40,20,False
532,协和礼拜堂,仰高别墅,280,950,True,360,450,True
533,鹿礁路口,福建路中段,180,550,True,200,50,False
534,海天堂构,轮渡码头入口,300,550,True,320,50,False
535,许家园,鹿礁路口,250,580,True,270,80,False
536,天主堂,鹿礁路口,70,500,True,90,0,False
537,协和礼拜堂,海天堂构,220,550,True,300,50,False
538,协和礼拜堂,李传别宅,90,520,True,170,20,False
539,协和礼拜堂,天主堂,40,500,True,120,0,False
540,黄荣远堂,福建路中段,40,20,False,40,20,False
541,许家园,黄荣远堂,30,10,False,30,10,False
542,福建路中段,许家园,70,30,False,70,30,False
543,天主堂,海天堂构,180,50,False,180,50,False
544,鹿礁路口,黄荣远堂,220,570,True,240,70,False
545,许家园,福建路中段,70,30,False,70,30,False
546,海天堂构,许家园,70,20,False,70,20,False
547,黄荣远堂,海天堂构,40,10,False,40,10,False
548,仰高别墅,福建路中段,130,400,True,130,400,True
549,仰高别墅,协和礼拜堂,280,950,True,360,450,True
550,黄荣远堂,天主堂,150,70,False,150,70,False
551,轮渡码头入口,协和礼拜堂,80,0,False,80,0,False
552,许家园,轮渡码头入口,300,580,True,320,80,False
553,轮渡码头入口,福建路中段,230,550,True,250,50,False
554,天主堂,海天堂构,180,50,False,180,50,False
555,李传别宅,福建路中段,60,30,False,60,30,False
556,轮渡码头入口,天主堂,120,500,True,140,0,False
557,鹿礁路口,仰高别墅,310,950,True,330,450,True
558,协和礼拜堂,仰高别墅,280,950,True,360,450,True
559,海天堂构,许家园,70,20,False,70,20,False
560,海天堂构,协和礼拜堂,220,550,True,300,50,False
561,协和礼拜堂,天主堂,40,500,True,120,0,False
562,天主堂,鹿礁路口,70,500,True,90,0,False
563,许家园,轮渡码头入口,300,580,True,320,80,False
564,轮渡码头入口,福建路中段,230,550,True,250,50,False
565,李传别宅,轮渡码头入口,170,520,True,190,20,False
566,许家园,黄荣远堂,30,10,False,30,10,False
567,许家园,轮渡码头入口,300,580,True,320,80,False
568,鹿礁路口,许家园,250,580,True,270,80,False
569,轮渡码头入口,鹿礁路口,50,0,False,50,0,False
570,福建路中段,协和礼拜堂,150,550,True,230,50,False
571,轮渡码头入口,海天堂构,300,550,True,320,50,False
572,海天堂构,福建路中段,70,0,False,70,0,False
573,李传别宅,福建路中段,60,30,False,60,30,False
574,海天堂构,轮渡码头入口,300,550,True,320,50,False
575,许家园,黄荣远堂,30,10,False,30,10,False
576,海天堂构,协和礼拜堂,220,550,True,300,50,False
577,协和礼拜堂,海天堂构,220,550,True,300,50,False
578,海天堂构,天主堂,180,50,False,180,50,False
579,轮渡码头入口,海天堂构,300,550,True,320,50,False
580,仰高别墅,天主堂,240,450,True,240,450,True
581,轮渡码头入口,鹿礁路口,50,0,False,50,0,False
582,福建路中段,鹿礁路口,180,550,True,200,50,False
583,福建路中段,协和礼拜堂,150,550,True,230,50,False
584,海天堂构,天主堂,180,50,False,180,50,False
585,协和礼拜堂,轮渡码头入口,80,0,False,80,0,False
586,福建路中段,鹿礁路口,180,550,True,200,50,False
587,仰高别墅,鹿礁路口,310,950,True,330,450,True
588,仰高别墅,鹿礁路口,310,950,True,330,450,True
589,轮渡码头入口,海天堂构,300,550,True,320,50,False
590,李传别宅,福建路中段,60,30,False,60,30,False
591,海天堂构,许家园,70,20,False,70,20,False
592,李传别宅,协和礼拜堂,90,520,True,170,20,False
593,黄荣远堂,天主堂,150,70,False,150,70,False
594,许家园,鹿礁路口,250,580,True,270,80,False
595,许家园,福建路中段,70,30,False,70,30,False
596,协和礼拜堂,仰高别墅,280,950,True,360,450,True
597,海天堂构,协和礼拜堂,220,550,True,300,50,False
598,仰高别墅,海天堂构,60,400,True,60,400,True
599,黄荣远堂,李传别宅,100,50,False,100,50,False
600,海天堂构,许家园,70,20,False,70,20,False
601,黄荣远堂,仰高别墅,100,410,True,100,410,True
602,协和礼拜堂,鹿礁路口,30,0,False,30,0,False
603,天主堂,海天堂构,180,50,False,180,50,False
604,海天堂构,黄荣远堂,40,10,False,40,10,False
605,协和礼拜堂,海天堂构,220,550,True,300,50,False
606,鹿礁路口,协和礼拜堂,30,0,False,30,0,False
607,海天堂构,李传别宅,130,30,False,130,30,False
608,福建路中段,轮渡码头入口,230,550,True,250,50,False
609,天主堂,协和礼拜堂,40,500,True,120,0,False
610,福建路中段,天主堂,110,50,False,110,50,False
611,鹿礁路口,协和礼拜堂,30,0,False,30,0,False
612,协和礼拜堂,李传别宅,90,520,True,170,20,False
613,轮渡码头入口,协和礼拜堂,80,0,False,80,0,False
614,协和礼拜堂,海天堂构,220,550,True,300,50,False
615,仰高别墅,鹿礁路口,310,950,True,330,450,True
616,海天堂构,李传别宅,130,30,False,130,30,False
617,仰高别墅,黄荣远堂,100,410,True,100,410,True
618,海天堂构,仰高别墅,60,400,True,60,400,True
619,鹿礁路口,福建路中段,180,550,True,200,50,False
620,海天堂构,仰高别墅,60,400,True,60,400,True
621,仰高别墅,轮渡码头入口,360,950,True,380,450,True
622,海天堂构,天主堂,180,50,False,180,50,False
623,黄荣远堂,鹿礁路口,220,570,True,240,70,False
624,福建路中段,天主堂,110,50,False,110,50,False
625,黄荣远堂,鹿礁路口,220,570,True,240,70,False
626,李传别宅,协和礼拜堂,90,520,True,170,20,False
627,黄荣远堂,轮渡码头入口,270,570,True,290,70,False
628,许家园,仰高别墅,130,420,True,130,420,True
629,天主堂,鹿礁路口,70,500,True,90,0,False
630,许家园,海天堂构,70,20,False,70,20,False
631,海天堂构,许家园,70,20,False,70,20,False
632,李传别宅,鹿礁路口,120,520,True,140,20,False
633,黄荣远堂,福建路中段,40,20,False,40,20,False
634,许家园,福建路中段,70,30,False,70,30,False
635,李传别宅,海天堂构,130,30,False,130,30,False
636,鹿礁路口,福建路中段,180,550,True,200,50,False
637,海天堂构,仰高别墅,60,400,True,60,400,True
638,海天堂构,天主堂,180,50,False,180,50,False
639,许家园,鹿礁路口,250,580,True,270,80,False
640,海天堂构,黄荣远堂,40,10,False,40,10,False
641,海天堂构,鹿礁路口,250,550,True,270,50,False
642,海天堂构,福建路中段,70,0,False,70,0,False
643,鹿礁路口,许家园,250,580,True,270,80,False
644,黄荣远堂,天主堂,150,70,False,150,70,False
645,天主堂,仰高别墅,240,450,True,240,450,True
646,仰高别墅,天主堂,240,450,True,240,450,True
647,协和礼拜堂,海天堂构,220,550,True,300,50,False
648,天主堂,福建路中段,110,50,False,110,50,False
649,轮渡码头入口,福建路中段,230,550,True,250,50,False
650,福建路中段,许家园,70,30,False,70,30,False
651,仰高别墅,黄荣远堂,100,410,True,100,410,True
652,鹿礁路口,协和礼拜堂,30,0,False,30,0,False
653,天主堂,鹿礁路口,70,500,True,90,0,False
654,李传别宅,天主堂,50,20,False,50,20,False
655,许家园,黄荣远堂,30,10,False,30,10,False
656,鹿礁路口,天主堂,70,500,True,90,0,False
657,鹿礁路口,福建路中段,180,550,True,200,50,False
658,福建路中段,协和礼拜堂,150,550,True,230,50,False
659,黄荣远堂,福建路中段,40,20,False,40,20,False
660,许家园,轮渡码头入口,300,580,True,320,80,False
661,天主堂,轮渡码头入口,120,500,True,140,0,False
662,天主堂,轮渡码头入口,120,500,True,140,0,False
663,协和礼拜堂,海天堂构,220,550,True,300,50,False
664,轮渡码头入口,天主堂,120,500,True,140,0,False
665,许家园,福建路中段,70,30,False,70,30,False
666,协和礼拜堂,仰高别墅,280,950,True,360,450,True
667,李传别宅,海天堂构,130,30,False,130,30,False
668,协和礼拜堂,许家园,220,580,True,300,80,False
669,协和礼拜堂,福建路中段,150,550,True,230,50,False
670,海天堂构,仰高别墅,60,400,True,60,400,True
671,许家园,黄荣远堂,30,10,False,30,10,False
672,福建路中段,李传别宅,60,30,False,60,30,False
673,轮渡码头入口,鹿礁路口,50,0,False,50,0,False
674,海天堂构,福建路中段,70,0,False,70,0,False
675,天主堂,福建路中段,110,50,False,110,50,False
676,许家园,仰高别墅,130,420,True,130,420,True
677,鹿礁路口,协和礼拜堂,30,0,False,30,0,False
678,天主堂,海天堂构,180,50,False,180,50,False
679,黄荣远堂,海天堂构,40,10,False,40,10,False
680,鹿礁路口,李传别宅,120,520,True,140,20,False
681,协和礼拜堂,海天堂构,220,550,True,300,50,False
682,许家园,轮渡码头入口,300,580,True,320,80,False
683,天主堂,黄荣远堂,150,70,False,150,70,False
684,许家园,海天堂构,70,20,False,70,20,False
685,天主堂,鹿礁路口,70,500,True,90,0,False
686,协和礼拜堂,天主堂,40,500,True,120,0,False
687,许家园,李传别宅,130,60,False,130,60,False
688,天主堂,福建路中段,110,50,False,110,50,False
689,海天堂构,协和礼拜堂,220,550,True,300,50,False
690,海天堂构,仰高别墅,60,400,True,60,400,True
691,仰高别墅,李传别宅,190,430,True,190,430,True
692,天主堂,协和礼拜堂,40,500,True,120,0,False
693,仰高别墅,天主堂,240,450,True,240,450,True
694,黄荣远堂,许家园,30,10,False,30,10,False
695,福建路中段,协和礼拜堂,150,550,True,230,50,False
696,轮渡码头入口,李传别宅,170,520,True,190,20,False
697,仰高别墅,许家园,130,420,True,130,420,True
698,李传别宅,许家园,130,60,False,130,60,False
699,天主堂,福建路中段,110,50,False,110,50,False
700,福建路中段,海天堂构,70,0,False,70,0,False
701,黄荣远堂,天主堂,150,70,False,150,70,False
702,海天堂构,轮渡码头入口,300,550,True,320,50,False
703,轮渡码头入口,海天堂构,300,550,True,320,50,False
704,海天堂构,仰高别墅,60,400,True,60,400,True
705,李传别宅,许家园,130,60,False,130,60,False
706,海天堂构,福建路中段,70,0,False,70,0,False
707,协和礼拜堂,海天堂构,220,550,True,300,50,False
708,天主堂,轮渡码头入口,120,500,True,140,0,False
709,天主堂,福建路中段,110,50,False,110,50,False
710,福建路中段,天主堂,110,50,False,110,50,False
711,鹿礁路口,黄荣远堂,220,570,True,240,70,False
712,仰高别墅,李传别宅,190,430,True,190,430,True
713,李传别宅,天主堂,50,20,False,50,20,False
714,轮渡码头入口,天主堂,120,500,True,140,0,False
715,李传别宅,海天堂构,130,30,False,130,30,False
716,黄荣远堂,协和礼拜堂,190,570,True,270,70,False
717,协和礼拜堂,轮渡码头入口,80,0,False,80,0,False
718,仰高别墅,轮渡码头入口,360,950,True,380,450,True
719,福建路中段,轮渡码头入口,230,550,True,250,50,False
720,鹿礁路口,李传别宅,120,520,True,140,20,False
721,协和礼拜堂,李传别宅,90,520,True,170,20,False
722,仰高别墅,黄荣远堂,100,410,True,100,410,True
723,福建路中段,天主堂,110,50,False,110,50,False
724,黄荣远堂,协和礼拜堂,190,570,True,270,70,False
725,协和礼拜堂,许家园,220,580,True,300,80,False
726,协和礼拜堂,福建路中段,150,550,True,230,50,False
727,天主堂,协和礼拜堂,40,500,True,120,0,False
728,鹿礁路口,仰高别墅,310,950,True,330,450,True
729,轮渡码头入口,海天堂构,300,550,True,320,50,False
730,许家园,海天堂构,70,20,False,70,20,False
731,仰高别墅,天主堂,240,450,True,240,450,True
732,天主堂,仰高别墅,240,450,True,240,450,True
733,鹿礁路口,许家园,250,580,True,270,80,False
734,海天堂构,仰高别墅,60,400,True,60,400,True
735,鹿礁路口,天主堂,70,500,True,90,0,False
736,鹿礁路口,天主堂,70,500,True,90,0,False
737,海天堂构,李传别宅,130,30,False,130,30,False
738,李传别宅,海天堂构,130,30,False,130,30,False
739,黄荣远堂,仰高别墅,100,410,True,100,410,True
740,协和礼拜堂,许家园,220,580,True,300,80,False
741,福建路中段,李传别宅,60,30,False,60,30,False
742,天主堂,黄荣远堂,150,70,False,150,70,False
743,许家园,协和礼拜堂,220,580,True,300,80,False
744,仰高别墅,天主堂,240,450,True,240,450,True
745,仰高别墅,许家园,130,420,True,130,420,True
746,许家园,福建路中段,70,30,False,70,30,False
747,仰高别墅,鹿礁路口,310,950,True,330,450,True
748,轮渡码头入口,海天堂构,300,550,True,320,50,False
749,天主堂,鹿礁路口,70,500,True,90,0,False
750,许家园,天主堂,180,80,False,180,80,False
751,轮渡码头入口,黄荣远堂,270,570,True,290,70,False
752,黄荣远堂,福建路中段,40,20,False,40,20,False
753,海天堂构,协和礼拜堂,220,550,True,300,50,False
754,福建路中段,仰高别墅,130,400,True,130,400,True
755,轮渡码头入口,协和礼拜堂,80,0,False,80,0,False
756,轮渡码头入口,天主堂,120,500,True,140,0,False
757,福建路中段,许家园,70,30,False,70,30,False
758,李传别宅,海天堂构,130,30,False,130,30,False
759,协和礼拜堂,黄荣远堂,190,570,True,270,70,False
760,黄荣远堂,协和礼拜堂,190,570,True,270,70,False
761,天主堂,李传别宅,50,20,False,50,20,False
762,黄荣远堂,轮渡码头入口,270,570,True,290,70,False
763,许家园,仰高别墅,130,420,True,130,420,True
764,轮渡码头入口,海天堂构,300,550,True,320,50,False
765,李传别宅,鹿礁路口,120,520,True,140,20,False
766,李传别宅,海天堂构,130,30,False,130,30,False
767,黄荣远堂,协和礼拜堂,190,570,True,270,70,False
768,福建路中段,黄荣远堂,40,20,False,40,20,False
769,福建路中段,天主堂,110,50,False,110,50,False
770,黄荣远堂,海天堂构,40,10,False,40,10,False
771,天主堂,福建路中段,110,50,False,110,50,False
772,李传别宅,天主堂,50,20,False,50,20,False
773,天主堂,许家园,180,80,False,180,80,False
774,协和礼拜堂,仰高别墅,280,950,True,360,450,True
775,李传别宅,天主堂,50,20,False,50,20,False
776,李传别宅,仰高别墅,190,430,True,190,430,True
777,鹿礁路口,许家园,250,580,True,270,80,False
778,协和礼拜堂,轮渡码头入口,80,0,False,80,0,False
779,黄荣远堂,福建路中段,40,20,False,40,20,False
780,黄荣远堂,海天堂构,40,10,False,40,10,False
781,协和礼拜堂,轮渡码头入口,80,0,False,80,0,False
782,许家园,仰高别墅,130,420,True,130,420,True
783,许家园,李传别宅,130,60,False,130,60,False
784,黄荣远堂,福建路中段,40,20,False,40,20,False
785,天主堂,轮渡码头入口,120,500,True,140,0,False
786,福建路中段,黄荣远堂,40,20,False,40,20,False
787,海天堂构,协和礼拜堂,220,550,True,300,50,False
788,海天堂构,天主堂,180,50,False,180,50,False
789,仰高别墅,李传别宅,190,430,True,190,430,True
790,海天堂构,鹿礁路口,250,550,True,270,50,False
791,轮渡码头入口,天主堂,120,500,True,140,0,False
792,黄荣远堂,海天堂构,40,10,False,40,10,False
793,海天堂构,轮渡码头入口,300,550,True,320,50,False
794,李传别宅,轮渡码头入口,170,520,True,190,20,False
795,李传别宅,海天堂构,130,30,False,130,30,False
796,许家园,天主堂,180,80,False,180,80,False
797,海天堂构,协和礼拜堂,220,550,True,300,50,False
798,黄荣远堂,李传别宅,100,50,False,100,50,False
799,福建路中段,仰高别墅,130,400,True,130,400,True
800,海天堂构,许家园,70,20,False,70,20,False
801,鹿礁路口,天主堂,70,500,True,90,0,False
802,仰高别墅,轮渡码头入口,360,950,True,380,450,True
803,仰高别墅,许家园,130,420,True,130,420,True
804,轮渡码头入口,海天堂构,300,550,True,320,50,False
805,天主堂,鹿礁路口,70,500,True,90,0,False
806,海天堂构,黄荣远堂,40,10,False,40,10,False
807,海天堂构,轮渡码头入口,300,550,True,320,50,False
808,仰高别墅,黄荣远堂,100,410,True,100,410,True
809,海天堂构,天主堂,180,50,False,180,50,False
810,天主堂,轮渡码头入口,120,500,True,140,0,False
811,李传别宅,鹿礁路口,120,520,True,140,20,False
812,福建路中段,黄荣远堂,40,20,False,40,20,False
813,福建路中段,天主堂,110,50,False,110,50,False
814,黄荣远堂,海天堂构,40,10,False,40,10,False
815,轮渡码头入口,许家园,300,580,True,320,80,False
816,仰高别墅,协和礼拜堂,280,950,True,360,450,True
817,天主堂,黄荣远堂,150,70,False,150,70,False
818,许家园,协和礼拜堂,220,580,True,300,80,False
819,许家园,鹿礁路口,250,580,True,270,80,False
820,福建路中段,李传别宅,60,30,False,60,30,False
821,协和礼拜堂,仰高别墅,280,950,True,360,450,True
822,李传别宅,仰高别墅,190,430,True,190,430,True
823,轮渡码头入口,仰高别墅,360,950,True,380,450,True
824,轮渡码头入口,海天堂构,300,550,True,320,50,False
825,许家园,轮渡码头入口,300,580,True,320,80,False
826,海天堂构,天主堂,180,50,False,180,50,False
827,福建路中段,天主堂,110,50,False,110,50,False
828,许家园,鹿礁路口,250,580,True,270,80,False
829,许家园,鹿礁路口,250,580,True,270,80,False
830,李传别宅,福建路中段,60,30,False,60,30,False
831,福建路中段,海天堂构,70,0,False,70,0,False
832,鹿礁路口,轮渡码头入口,50,0,False,50,0,False
833,福建路中段,海天堂构,70,0,False,70,0,False
834,鹿礁路口,李传别宅,120,520,True,140,20,False
835,黄荣远堂,李传别宅,100,50,False,100,50,False
836,轮渡码头入口,黄荣远堂,270,570,True,290,70,False
837,协和礼拜堂,黄荣远堂,190,570,True,270,70,False
838,福建路中段,天主堂,110,50,False,110,50,False
839,鹿礁路口,黄荣远堂,220,570,True,240,70,False
840,海天堂构,许家园,70,20,False,70,20,False
841,黄荣远堂,天主堂,150,70,False,150,70,False
842,轮渡码头入口,协和礼拜堂,80,0,False,80,0,False
843,轮渡码头入口,李传别宅,170,520,True,190,20,False
844,海天堂构,仰高别墅,60,400,True,60,400,True
845,天主堂,协和礼拜堂,40,500,True,120,0,False
846,鹿礁路口,许家园,250,580,True,270,80,False
847,海天堂构,黄荣远堂,40,10,False,40,10,False
848,黄荣远堂,福建路中段,40,20,False,40,20,False
849,海天堂构,仰高别墅,60,400,True,60,400,True
850,协和礼拜堂,天主堂,40,500,True,120,0,False
851,李传别宅,黄荣远堂,100,50,False,100,50,False
852,仰高别墅,鹿礁路口,310,950,True,330,450,True
853,天主堂,福建路中段,110,50,False,110,50,False
854,协和礼拜堂,鹿礁路口,30,0,False,30,0,False
855,协和礼拜堂,李传别宅,90,520,True,170,20,False
856,许家园,协和礼拜堂,220,580,True,300,80,False
857,轮渡码头入口,天主堂,120,500,True,140,0,False
858,许家园,天主堂,180,80,False,180,80,False
859,协和礼拜堂,海天堂构,220,550,True,300,50,False
860,黄荣远堂,仰高别墅,100,410,True,100,410,True
861,许家园,协和礼拜堂,220,580,True,300,80,False
862,福建路中段,鹿礁路口,180,550,True,200,50,False
863,天主堂,轮渡码头入口,120,500,True,140,0,False
864,天主堂,协和礼拜堂,40,500,True,120,0,False
865,协和礼拜堂,许家园,220,580,True,300,80,False
866,轮渡码头入口,天主堂,120,500,True,140,0,False
867,鹿礁路口,许家园,250,580,True,270,80,False
868,李传别宅,海天堂构,130,30,False,130,30,False
869,轮渡码头入口,鹿礁路口,50,0,False,50,0,False
870,海天堂构,福建路中段,70,0,False,70,0,False
871,李传别宅,天主堂,50,20,False,50,20,False
872,仰高别墅,福建路中段,130,400,True,130,400,True
873,福建路中段,轮渡码头入口,230,550,True,250,50,False
874,天主堂,海天堂构,180,50,False,180,50,False
875,协和礼拜堂,天主堂,40,500,True,120,0,False
876,仰高别墅,黄荣远堂,100,410,True,100,410,True
877,李传别宅,黄荣远堂,100,50,False,100,50,False
878,海天堂构,轮渡码头入口,300,550,True,320,50,False
879,福建路中段,李传别宅,60,30,False,60,30,False
880,仰高别墅,海天堂构,60,400,True,60,400,True
881,轮渡码头入口,黄荣远堂,270,570,True,290,70,False
882,李传别宅,黄荣远堂,100,50,False,100,50,False
883,李传别宅,天主堂,50,20,False,50,20,False
884,轮渡码头入口,天主堂,120,500,True,140,0,False
885,轮渡码头入口,仰高别墅,360,950,True,380,450,True
886,李传别宅,许家园,130,60,False,130,60,False
887,天主堂,李传别宅,50,20,False,50,20,False
888,鹿礁路口,轮渡码头入口,50,0,False,50,0,False
889,天主堂,鹿礁路口,70,500,True,90,0,False
890,海天堂构,许家园,70,20,False,70,20,False
891,仰高别墅,协和礼拜堂,280,950,True,360,450,True
892,福建路中段,黄荣远堂,40,20,False,40,20,False
893,许家园,轮渡码头入口,300,580,True,320,80,False
894,海天堂构,黄荣远堂,40,10,False,40,10,False
895,黄荣远堂,仰高别墅,100,410,True,100,410,True
896,鹿礁路口,仰高别墅,310,950,True,330,450,True
897,天主堂,鹿礁路口,70,500,True,90,0,False
898,李传别宅,轮渡码头入口,170,520,True,190,20,False
899,协和礼拜堂,鹿礁路口,30,0,False,30,0,False
900,许家园,福建路中段,70,30,False,70,30,False
901,仰高别墅,天主堂,240,450,True,240,450,True
902,黄荣远堂,许家园,30,10,False,30,10,False
903,黄荣远堂,轮渡码头入口,270,570,True,290,70,False
904,鹿礁路口,天主堂,70,500,True,90,0,False
905,李传别宅,许家园,130,60,False,130,60,False
906,许家园,海天堂构,70,20,False,70,20,False
907,李传别宅,轮渡码头入口,170,520,True,190,20,False
908,天主堂,李传别宅,50,20,False,50,20,False
909,天主堂,轮渡码头入口,120,500,True,140,0,False
910,福建路中段,仰高别墅,130,400,True,130,400,True
911,仰高别墅,福建路中段,130,400,True,130,400,True
912,福建路中段,黄荣远堂,40,20,False,40,20,False
913,李传别宅,轮渡码头入口,170,520,True,190,20,False
914,轮渡码头入口,协和礼拜堂,80,0,False,80,0,False
915,黄荣远堂,仰高别墅,100,410,True,100,410,True
916,轮渡码头入口,鹿礁路口,50,0,False,50,0,False
917,仰高别墅,轮渡码头入口,360,950,True,380,450,True
918,李传别宅,鹿礁路口,120,520,True,140,20,False
919,海天堂构,许家园,70,20,False,70,20,False
920,黄荣远堂,许家园,30,10,False,30,10,False
921,天主堂,李传别宅,50,20,False,50,20,False
922,海天堂构,轮渡码头入口,300,550,True,320,50,False
923,仰高别墅,许家园,130,420,True,130,420,True
924,福建路中段,鹿礁路口,180,550,True,200,50,False
925,许家园,天主堂,180,80,False,180,80,False
926,鹿礁路口,协和礼拜堂,30,0,False,30,0,False
927,海天堂构,福建路中段,70,0,False,70,0,False
928,许家园,轮渡码头入口,300,580,True,320,80,False
929,海天堂构,许家园,70,20,False,70,20,False
930,海天堂构,鹿礁路口,250,550,True,270,50,False
931,仰高别墅,海天堂构,60,400,True,60,400,True
932,福建路中段,李传别宅,60,30,False,60,30,False
933,海天堂构,协和礼拜堂,220,550,True,300,50,False
934,黄荣远堂,天主堂,150,70,False,150,70,False
935,轮渡码头入口,鹿礁路口,50,0,False,50,0,False
936,鹿礁路口,许家园,250,580,True,270,80,False
937,天主堂,李传别宅,50,20,False,50,20,False
938,天主堂,鹿礁路口,70,500,True,90,0,False
939,协和礼拜堂,海天堂构,220,550,True,300,50,False
940,李传别宅,许家园,130,60,False,130,60,False
941,海天堂构,轮渡码头入口,300,550,True,320,50,False
942,鹿礁路口,海天堂构,250,550,True,270,50,False
943,轮渡码头入口,黄荣远堂,270,570,True,290,70,False
944,仰高别墅,轮渡码头入口,360,950,True,380,450,True
945,天主堂,海天堂构,180,50,False,180,50,False
946,海天堂构,仰高别墅,60,400,True,60,400,True
947,福建路中段,鹿礁路口,180,550,True,200,50,False
948,福建路中段,黄荣远堂,40,20,False,40,20,False
949,轮渡码头入口,李传别宅,170,520,True,190,20,False
950,黄荣远堂,协和礼拜堂,190,570,True,270,70,False
951,许家园,黄荣远堂,30,10,False,30,10,False
952,轮渡码头入口,福建路中段,230,550,True,250,50,False
953,协和礼拜堂,海天堂构,220,550,True,300,50,False
954,许家园,仰高别墅,130,420,True,130,420,True
955,海天堂构,协和礼拜堂,220,550,True,300,50,False
956,许家园,李传别宅,130,60,False,130,60,False
957,海天堂构,李传别宅,130,30,False,130,30,False
958,轮渡码头入口,许家园,300,580,True,320,80,False
959,海天堂构,协和礼拜堂,220,550,True,300,50,False
960,天主堂,协和礼拜堂,40,500,True,120,0,False
961,天主堂,李传别宅,50,20,False,50,20,False
962,天主堂,许家园,180,80,False,180,80,False
963,黄荣远堂,仰高别墅,100,410,True,100,410,True
964,许家园,天主堂,180,80,False,180,80,False
965,鹿礁路口,许家园,250,580,True,270,80,False
966,海天堂构,鹿礁路口,250,550,True,270,50,False
967,许家园,鹿礁路口,250,580,True,270,80,False
968,海天堂构,天主堂,180,50,False,180,50,False
969,鹿礁路口,黄荣远堂,220,570,True,240,70,False
970,鹿礁路口,黄荣远堂,220,570,True,240,70,False
971,福建路中段,李传别宅,60,30,False,60,30,False
972,轮渡码头入口,协和礼拜堂,80,0,False,80,0,False
973,协和礼拜堂,鹿礁路口,30,0,False,30,0,False
974,协和礼拜堂,天主堂,40,500,True,120,0,False
975,鹿礁路口,天主堂,70,500,True,90,0,False
976,仰高别墅,李传别宅,190,430,True,190,430,True
977,许家园,天主堂,180,80,False,180,80,False
978,李传别宅,协和礼拜堂,90,520,True,170,20,False
979,鹿礁路口,李传别宅,120,520,True,140,20,False
980,仰高别墅,福建路中段,130,400,True,130,400,True
981,李传别宅,许家园,130,60,False,130,60,False
982,李传别宅,鹿礁路口,120,520,True,140,20,False
983,轮渡码头入口,黄荣远堂,270,570,True,290,70,False
984,黄荣远堂,协和礼拜堂,190,570,True,270,70,False
985,福建路中段,天主堂,110,50,False,110,50,False
986,协和礼拜堂,黄荣远堂,190,570,True,270,70,False
987,天主堂,许家园,180,80,False,180,80,False
988,许家园,黄荣远堂,30,10,False,30,10,False
989,李传别宅,海天堂构,130,30,False,130,30,False
990,轮渡码头入口,许家园,300,580,True,320,80,False
991,许家园,协和礼拜堂,220,580,True,300,80,False
992,许家园,仰高别墅,130,420,True,130,420,True
993,协和礼拜堂,仰高别墅,280,950,True,360,450,True
994,李传别宅,鹿礁路口,120,520,True,140,20,False
995,仰高别墅,轮渡码头入口,360,950,True,380,450,True
996,天主堂,李传别宅,50,20,False,50,20,False
997,李传别宅,许家园,130,60,False,130,60,False
998,海天堂构,李传别宅,130,30,False,130,30,False
999,轮渡码头入口,李传别宅,170,520,True,190,20,False
1000,许家园,黄荣远堂,30,10,False,30,10,False
